时间,等级,类型,代码,名称,现价,涨跌幅,正股涨跌幅,溢价率,评分,详情
09:32:57,B,正股大跌转债抗跌,127096,泰坦转债,778.00,-0.20%,-3.41%,7.61%,0.9,正股大跌-3.4% 转债仅-0.2% 抗跌
09:32:57,B,正股大跌转债抗跌,127080,声迅转债,291.34,-0.60%,-3.85%,26.82%,0.9,正股大跌-3.9% 转债仅-0.6% 抗跌
09:34:31,B,正股大跌转债抗跌,128127,文科转债,114.30,-0.20%,-3.16%,12.58%,0.7,正股大跌-3.2% 转债仅-0.2% 抗跌
09:36:24,B,正股大跌转债抗跌,127096,泰坦转债,772.23,-0.94%,-3.85%,7.30%,0.7,正股大跌-3.9% 转债仅-0.9% 抗跌
09:36:24,B,正股大跌转债抗跌,128127,文科转债,114.30,-0.20%,-3.16%,12.57%,0.7,正股大跌-3.2% 转债仅-0.2% 抗跌
09:36:39,B,股价大涨转债滞涨,113658,密卫转债,143.70,+0.93%,+3.20%,26.36%,0.3,正股大涨+3.2% 转债仅+0.9% 偏离2.3%
09:36:44,B,放量拉升,113644,艾迪转债,135.82,+1.02%,+0.76%,0.10%,0.0,"放量2.5x (均量327手/轮, 峰值824手) 成交额0.30亿 ⚠️强赎"
09:37:50,B,正股大跌转债抗跌,110084,贵燃转债,130.10,-0.00%,-3.04%,20.75%,0.8,正股大跌-3.0% 转债仅-0.0% 抗跌 🔗板块 地下管网/氢能源(均涨+2.3%)
09:38:11,B,放量拉升,111001,山玻转债,207.59,+4.68%,-1.84%,1.04%,0.0,"放量2.6x (均量1837手/轮, 峰值4709手) 成交额5.16亿 ⚠️强赎"
09:38:26,B,正股大跌转债抗跌,123222,博俊转债,152.88,-0.97%,-3.19%,33.78%,0.3,正股大跌-3.2% 转债仅-1.0% 抗跌
09:38:35,B,正股大跌转债抗跌,123065,宝莱转债,125.00,-0.74%,-3.00%,24.19%,0.3,正股大跌-3.0% 转债仅-0.7% 抗跌
09:38:55,B,正股大跌转债抗跌,127080,声迅转债,290.22,-0.98%,-4.25%,26.87%,0.9,正股大跌-4.2% 转债仅-1.0% 抗跌
09:41:25,B,正股大跌转债抗跌,128127,文科转债,114.35,-0.15%,-3.89%,13.48%,1.3,正股大跌-3.9% 转债仅-0.1% 抗跌
09:41:40,B,股价大涨转债滞涨,113658,密卫转债,143.54,+0.81%,+3.88%,25.39%,0.9,正股大涨+3.9% 转债仅+0.8% 偏离3.1%
09:41:45,B,放量拉升,113644,艾迪转债,136.00,+1.16%,+0.68%,0.31%,0.4,"放量3.6x (均量388手/轮, 峰值1405手) 成交额0.57亿 ⚠️强赎"
09:42:54,B,正股大跌转债抗跌,110084,贵燃转债,129.62,-0.37%,-3.04%,20.30%,0.6,正股大跌-3.0% 转债仅-0.4% 抗跌 🔗板块 地下管网/氢能源(均涨+2.4%)
09:43:39,B,正股大跌转债抗跌,123222,博俊转债,152.98,-0.90%,-3.35%,34.08%,0.4,正股大跌-3.4% 转债仅-0.9% 抗跌
09:44:27,B,放量拉升,111001,山玻转债,208.50,+5.14%,-2.35%,2.01%,0.0,"放量2.6x (均量1495手/轮, 峰值3892手) 成交额7.41亿 ⚠️强赎"
09:46:26,B,正股大跌转债抗跌,128127,文科转债,114.42,-0.09%,-3.89%,13.55%,1.7,正股大跌-3.9% 转债仅-0.1% 抗跌 🔗板块 绿色电力/PPP概念(均涨+2.5%)
09:47:04,B,股价大涨转债滞涨,123183,海顺转债,139.30,+0.98%,+4.52%,16.80%,1.3,正股大涨+4.5% 转债仅+1.0% 偏离3.5%
09:47:57,B,正股大跌转债抗跌,110084,贵燃转债,129.38,-0.55%,-3.04%,20.08%,0.5,正股大跌-3.0% 转债仅-0.6% 抗跌 🔗板块 地下管网/氢能源(均涨+2.9%)
09:48:41,B,正股大跌转债抗跌,123222,博俊转债,152.85,-0.99%,-3.40%,34.04%,0.4,正股大跌-3.4% 转债仅-1.0% 抗跌
09:51:26,B,正股大跌转债抗跌,128127,文科转债,114.40,-0.11%,-4.14%,13.82%,1.9,正股大跌-4.1% 转债仅-0.1% 抗跌 🔗板块 绿色电力/PPP概念(均涨+2.5%)
09:51:37,B,放量拉升,111001,山玻转债,207.61,+4.69%,-2.18%,1.40%,0.0,"放量2.5x (均量1171手/轮, 峰值2951手) 成交额10.12亿 ⚠️强赎"
09:51:51,B,超跌修复,127055,精装转债,246.38,-3.76%,-1.63%,24.00%,0.0,转债超跌-3.8% vs 正股-1.6% 偏离2.1% 修复空间大
09:52:06,B,股价大涨转债滞涨,123183,海顺转债,139.00,+0.76%,+3.09%,18.17%,0.4,正股大涨+3.1% 转债仅+0.8% 偏离2.3%
09:52:49,B,正股大跌转债抗跌,127034,绿茵转债,127.03,-0.79%,-3.29%,27.60%,0.4,正股大跌-3.3% 转债仅-0.8% 抗跌
09:55:11,B,正股大跌转债抗跌,110084,贵燃转债,129.30,-0.61%,-3.04%,20.00%,0.5,正股大跌-3.0% 转债仅-0.6% 抗跌 🔗板块 地下管网/西部大开发(均涨+2.9%)
09:56:28,B,正股大跌转债抗跌,128127,文科转债,114.31,-0.19%,-4.38%,14.02%,2.2,正股大跌-4.4% 转债仅-0.2% 抗跌 🔗板块 绿色电力/PPP概念(均涨+2.3%)
09:56:38,B,放量拉升,111001,山玻转债,207.01,+4.39%,-3.38%,2.36%,0.8,"放量4.2x (均量926手/轮, 峰值3899手) 成交额11.39亿 ⚠️强赎"
09:56:51,B,超跌修复,127055,精装转债,245.04,-4.28%,-1.93%,23.69%,0.1,转债超跌-4.3% vs 正股-1.9% 偏离2.4% 修复空间大
09:57:48,B,股价大涨转债滞涨,113658,密卫转债,143.79,+0.99%,+3.95%,25.53%,0.8,正股大涨+4.0% 转债仅+1.0% 偏离3.0%
09:59:54,B,正股大跌转债抗跌,127080,声迅转债,290.80,-0.78%,-3.24%,25.80%,0.4,正股大跌-3.2% 转债仅-0.8% 抗跌
10:00:13,B,正股大跌转债抗跌,110084,贵燃转债,129.19,-0.70%,-3.55%,20.53%,0.7,正股大跌-3.5% 转债仅-0.7% 抗跌 🔗板块 地下管网/西部大开发(均涨+2.9%)
10:01:29,B,正股大跌转债抗跌,128127,文科转债,114.26,-0.23%,-4.87%,14.56%,2.9,正股大跌-4.9% 转债仅-0.2% 抗跌 🔗板块 绿色电力/PPP概念(均涨+2.0%)
10:01:34,B,股价大涨转债滞涨,123183,海顺转债,139.26,+0.95%,+4.14%,17.19%,1.0,正股大涨+4.1% 转债仅+0.9% 偏离3.2%
10:01:43,B,放量拉升,111001,山玻转债,204.50,+3.12%,-4.57%,2.39%,0.0,"放量2.5x (均量588手/轮, 峰值1495手) 成交额12.36亿 ⚠️强赎"
10:01:52,B,超跌修复,127055,精装转债,243.27,-4.97%,-2.30%,23.27%,0.4,转债超跌-5.0% vs 正股-2.3% 偏离2.7% 修复空间大
10:02:48,B,股价大涨转债滞涨,113658,密卫转债,143.56,+0.83%,+3.28%,26.14%,0.4,正股大涨+3.3% 转债仅+0.8% 偏离2.4%
10:05:16,B,正股大跌转债抗跌,110084,贵燃转债,129.20,-0.69%,-4.31%,21.50%,1.4,正股大跌-4.3% 转债仅-0.7% 抗跌 🔗板块 地下管网/西部大开发(均涨+2.6%)
10:05:44,B,正股大跌转债抗跌,123251,华医转债,300.50,-0.83%,-3.01%,3.82%,0.2,正股大跌-3.0% 转债仅-0.8% 抗跌
10:06:31,B,正股大跌转债抗跌,128127,文科转债,114.30,-0.20%,-4.62%,14.30%,2.5,正股大跌-4.6% 转债仅-0.2% 抗跌 🔗板块 绿色电力/PPP概念(均涨+2.2%)
10:06:36,B,股价大涨转债滞涨,123183,海顺转债,139.20,+0.91%,+3.99%,17.31%,0.9,正股大涨+4.0% 转债仅+0.9% 偏离3.1%
10:06:46,B,放量拉升,111001,山玻转债,202.55,+2.14%,-4.96%,1.82%,0.2,"放量3.5x (均量467手/轮, 峰值1616手) 成交额13.17亿 ⚠️强赎"
10:07:42,B,正股大跌转债抗跌,127080,声迅转债,290.19,-0.99%,-3.20%,25.47%,0.3,正股大跌-3.2% 转债仅-1.0% 抗跌
10:07:52,B,股价大涨转债滞涨,113658,密卫转债,143.40,+0.71%,+3.10%,26.21%,0.4,正股大涨+3.1% 转债仅+0.7% 偏离2.4%
10:10:21,B,正股大跌转债抗跌,110084,贵燃转债,129.11,-0.76%,-4.82%,22.06%,2.0,正股大跌-4.8% 转债仅-0.8% 抗跌 🔗板块 地下管网/西部大开发(均涨+2.3%)
10:11:35,B,正股大跌转债抗跌,128127,文科转债,114.25,-0.24%,-4.62%,14.25%,2.4,正股大跌-4.6% 转债仅-0.2% 抗跌 🔗板块 绿色电力/PPP概念(均涨+2.2%)
10:11:40,B,股价大涨转债滞涨,123183,海顺转债,139.13,+0.86%,+3.54%,17.76%,0.6,正股大涨+3.5% 转债仅+0.9% 偏离2.7%
10:11:49,B,放量拉升,111001,山玻转债,203.71,+2.73%,-4.44%,1.86%,0.9,"放量4.4x (均量401手/轮, 峰值1749手) 成交额13.77亿 ⚠️强赎"
10:12:55,B,股价大涨转债滞涨,113658,密卫转债,143.46,+0.76%,+3.40%,25.91%,0.5,正股大涨+3.4% 转债仅+0.8% 偏离2.6%
10:13:51,B,正股大跌转债抗跌,127037,银轮转债,697.25,+0.56%,-3.00%,40.00%,1.2,正股大跌-3.0% 转债仅0.6% 抗跌
10:16:39,B,正股大跌转债抗跌,128127,文科转债,114.27,-0.22%,-4.87%,14.57%,2.9,正股大跌-4.9% 转债仅-0.2% 抗跌 🔗板块 绿色电力/PPP概念(均涨+2.0%)
10:16:53,B,放量拉升,111001,山玻转债,203.53,+2.63%,-5.34%,2.73%,0.0,"放量2.7x (均量227手/轮, 峰值610手) 成交额14.27亿 ⚠️强赎"
10:17:07,B,股价大涨转债滞涨,123183,海顺转债,139.32,+0.99%,+3.32%,18.18%,0.4,正股大涨+3.3% 转债仅+1.0% 偏离2.3%
10:18:12,B,超跌修复,127092,运机转债,279.84,-1.29%,+0.77%,20.86%,0.0,转债超跌-1.3% vs 正股+0.8% 偏离2.1% 修复空间大
10:18:39,B,正股大跌转债抗跌,123251,华医转债,300.40,-0.86%,-3.00%,3.77%,0.2,正股大跌-3.0% 转债仅-0.9% 抗跌
10:18:53,B,正股大跌转债抗跌,127037,银轮转债,688.49,-0.71%,-4.55%,40.49%,1.4,正股大跌-4.5% 转债仅-0.7% 抗跌
10:20:03,B,超跌修复,127055,精装转债,240.57,-6.03%,-2.92%,22.67%,1.1,转债超跌-6.0% vs 正股-2.9% 偏离3.1% 修复空间大
10:21:42,B,正股大跌转债抗跌,128127,文科转债,114.29,-0.21%,-4.62%,14.29%,2.5,正股大跌-4.6% 转债仅-0.2% 抗跌 🔗板块 绿色电力/PPP概念(均涨+2.2%)
10:21:56,B,放量拉升,111001,山玻转债,204.45,+3.10%,-3.85%,1.59%,0.6,"放量4.0x (均量285手/轮, 峰值1151手) 成交额14.83亿 ⚠️强赎"
10:23:14,B,超跌修复,127092,运机转债,282.28,-0.43%,+1.65%,20.86%,0.0,转债超跌-0.4% vs 正股+1.6% 偏离2.1% 修复空间大
10:23:41,B,正股大跌转债抗跌,123251,华医转债,300.04,-0.98%,-3.13%,3.79%,0.2,正股大跌-3.1% 转债仅-1.0% 抗跌
10:25:05,B,超跌修复,127055,精装转债,241.73,-5.57%,-2.84%,23.16%,0.5,转债超跌-5.6% vs 正股-2.8% 偏离2.7% 修复空间大
10:26:42,B,正股大跌转债抗跌,128127,文科转债,114.31,-0.18%,-4.62%,14.31%,2.1,正股大跌-4.6% 转债仅-0.2% 抗跌
10:26:56,B,放量拉升,111001,山玻转债,203.29,+2.51%,-5.04%,2.28%,0.2,"放量3.3x (均量164手/轮, 峰值544手) 成交额15.08亿 ⚠️强赎"
10:28:15,B,超跌修复,127092,运机转债,280.20,-1.16%,+0.95%,20.80%,0.0,转债超跌-1.2% vs 正股+0.9% 偏离2.1% 修复空间大
10:28:24,B,股价大涨转债滞涨,123131,奥飞转债,274.25,+0.96%,+3.27%,26.50%,0.4,正股大涨+3.3% 转债仅+1.0% 偏离2.3%
10:31:46,B,正股大跌转债抗跌,128127,文科转债,114.25,-0.24%,-4.62%,14.25%,2.0,正股大跌-4.6% 转债仅-0.2% 抗跌
10:32:44,B,超跌修复,127055,精装转债,241.04,-5.84%,-2.89%,22.88%,0.8,转债超跌-5.8% vs 正股-2.9% 偏离2.9% 修复空间大
10:32:49,B,放量拉升,111001,山玻转债,202.70,+2.22%,-4.96%,1.90%,0.2,"放量3.3x (均量198手/轮, 峰值649手) 成交额15.42亿 ⚠️强赎"
10:33:18,B,超跌修复,127092,运机转债,279.59,-1.38%,+0.99%,20.49%,0.2,转债超跌-1.4% vs 正股+1.0% 偏离2.4% 修复空间大
10:33:28,B,股价大涨转债滞涨,123131,奥飞转债,273.14,+0.55%,+3.27%,25.99%,0.6,正股大涨+3.3% 转债仅+0.6% 偏离2.7%
10:34:50,B,正股大跌转债抗跌,128127,文科转债,114.22,-0.27%,-5.11%,14.80%,2.6,正股大跌-5.1% 转债仅-0.3% 抗跌
10:34:50,B,超跌修复,127055,精装转债,240.39,-6.10%,-2.92%,22.58%,1.2,转债超跌-6.1% vs 正股-2.9% 偏离3.2% 修复空间大
10:34:50,B,股价大涨转债滞涨,123131,奥飞转债,273.56,+0.70%,+3.17%,26.30%,0.4,正股大涨+3.2% 转债仅+0.7% 偏离2.5%
10:34:50,B,超跌修复,127092,运机转债,279.85,-1.28%,+0.88%,20.73%,0.0,转债超跌-1.3% vs 正股+0.9% 偏离2.2% 修复空间大
10:34:56,B,超跌修复,113615,金诚转债,750.05,-2.42%,-0.38%,20.75%,0.0,转债超跌-2.4% vs 正股-0.4% 偏离2.0% 修复空间大
10:35:21,B,放量拉升,111001,山玻转债,204.30,+3.02%,-4.32%,2.01%,0.0,"放量2.8x (均量255手/轮, 峰值706手) 成交额15.51亿 ⚠️强赎"
10:36:01,B,超跌修复,127088,赫达转债,188.99,-2.08%,-0.08%,33.76%,0.0,转债超跌-2.1% vs 正股-0.1% 偏离2.0% 修复空间大
10:36:40,B,超跌修复,127055,精装转债,239.28,-6.53%,-2.70%,21.75%,3.0,转债超跌-6.5% vs 正股-2.7% 偏离3.8% 修复空间大
10:36:40,B,正股大跌转债抗跌,128127,文科转债,114.24,-0.25%,-5.11%,14.82%,2.7,正股大跌-5.1% 转债仅-0.2% 抗跌
10:36:40,B,超跌修复,127092,运机转债,280.00,-1.23%,+1.10%,20.54%,0.1,转债超跌-1.2% vs 正股+1.1% 偏离2.3% 修复空间大
10:36:40,B,超跌修复,127088,赫达转债,188.87,-2.14%,+0.04%,33.51%,0.0,转债超跌-2.1% vs 正股+0.0% 偏离2.2% 修复空间大
10:36:40,B,超跌修复,113615,金诚转债,746.88,-2.83%,-0.68%,20.61%,0.0,转债超跌-2.8% vs 正股-0.7% 偏离2.1% 修复空间大
10:37:13,B,放量拉升,111001,山玻转债,205.56,+3.66%,-2.86%,1.10%,0.0,"放量2.7x (均量973手/轮, 峰值2642手) 成交额15.83亿 ⚠️强赎"
10:38:47,B,股价大涨转债滞涨,123131,奥飞转债,274.30,+0.98%,+3.31%,26.46%,0.4,正股大涨+3.3% 转债仅+1.0% 偏离2.3%
10:41:43,B,超跌修复,127055,精装转债,238.02,-7.02%,-2.38%,20.70%,6.2,转债超跌-7.0% vs 正股-2.4% 偏离4.6% 修复空间大
10:41:43,B,正股大跌转债抗跌,128127,文科转债,114.22,-0.27%,-5.11%,14.80%,2.6,正股大跌-5.1% 转债仅-0.3% 抗跌
10:41:43,B,超跌修复,127092,运机转债,278.59,-1.73%,+0.77%,20.32%,0.2,转债超跌-1.7% vs 正股+0.8% 偏离2.5% 修复空间大
10:41:43,B,超跌修复,113615,金诚转债,751.41,-2.24%,+0.26%,20.20%,0.2,转债超跌-2.2% vs 正股+0.3% 偏离2.5% 修复空间大
10:42:18,B,放量拉升,111001,山玻转债,206.30,+4.03%,-2.78%,1.38%,0.2,"放量3.5x (均量514手/轮, 峰值1790手) 成交额16.44亿 ⚠️强赎"
10:43:51,B,超跌修复,123131,奥飞转债,270.19,-0.54%,+2.75%,25.26%,1.4,转债超跌-0.5% vs 正股+2.8% 偏离3.3% 修复空间大
10:44:52,B,正股大跌转债抗跌,113681,镇洋转债,131.34,+0.62%,-3.05%,5.21%,1.3,正股大跌-3.0% 转债仅0.6% 抗跌
10:46:28,B,股价大涨转债滞涨,123183,海顺转债,139.24,+0.94%,+3.62%,17.77%,0.6,正股大涨+3.6% 转债仅+0.9% 偏离2.7%
10:46:47,B,超跌修复,127055,精装转债,237.30,-7.30%,-2.57%,20.57%,6.6,转债超跌-7.3% vs 正股-2.6% 偏离4.7% 修复空间大
10:46:47,B,正股大跌转债抗跌,128127,文科转债,114.22,-0.27%,-5.11%,14.80%,2.6,正股大跌-5.1% 转债仅-0.3% 抗跌
10:46:47,B,超跌修复,113615,金诚转债,749.00,-2.56%,+0.00%,20.12%,0.2,转债超跌-2.6% vs 正股+0.0% 偏离2.6% 修复空间大
10:46:47,B,超跌修复,127092,运机转债,277.79,-2.01%,+0.37%,20.45%,0.2,转债超跌-2.0% vs 正股+0.4% 偏离2.4% 修复空间大
10:47:19,B,放量拉升,111001,山玻转债,204.28,+3.01%,-3.72%,1.37%,0.0,"放量2.6x (均量384手/轮, 峰值1007手) 成交额17.00亿 ⚠️强赎"
10:48:52,B,超跌修复,123131,奥飞转债,266.70,-1.82%,+1.47%,25.20%,1.4,转债超跌-1.8% vs 正股+1.5% 偏离3.3% 修复空间大
10:49:52,B,正股大跌转债抗跌,113681,镇洋转债,131.38,+0.65%,-3.40%,5.63%,1.7,正股大跌-3.4% 转债仅0.7% 抗跌
10:51:30,B,超跌修复,127088,赫达转债,187.40,-2.90%,-0.84%,33.65%,0.0,转债超跌-2.9% vs 正股-0.8% 偏离2.1% 修复空间大
10:51:49,B,正股大跌转债抗跌,128127,文科转债,114.23,-0.26%,-5.11%,14.81%,2.6,正股大跌-5.1% 转债仅-0.3% 抗跌
10:51:49,B,超跌修复,127092,运机转债,276.90,-2.32%,+0.29%,20.16%,0.3,转债超跌-2.3% vs 正股+0.3% 偏离2.6% 修复空间大
10:51:49,B,超跌修复,113615,金诚转债,744.47,-3.15%,-0.57%,20.09%,0.3,转债超跌-3.1% vs 正股-0.6% 偏离2.6% 修复空间大
10:51:49,B,股价大涨转债滞涨,123183,海顺转债,138.99,+0.76%,+3.01%,18.25%,0.3,正股大涨+3.0% 转债仅+0.8% 偏离2.2%
10:52:33,B,放量拉升,111001,山玻转债,201.83,+1.78%,-5.56%,2.10%,0.4,"放量3.7x (均量375手/轮, 峰值1382手) 成交额17.56亿 ⚠️强赎"
10:53:43,B,超跌修复,113658,密卫转债,141.53,-0.60%,+1.44%,26.60%,0.0,转债超跌-0.6% vs 正股+1.4% 偏离2.0% 修复空间大
10:53:53,B,超跌修复,123131,奥飞转债,265.81,-2.15%,+1.85%,24.32%,3.5,转债超跌-2.1% vs 正股+1.9% 偏离4.0% 修复空间大
10:54:08,B,超跌修复,127055,精装转债,237.71,-7.14%,-2.78%,21.05%,5.0,转债超跌-7.1% vs 正股-2.8% 偏离4.4% 修复空间大
10:54:51,B,股价大涨转债滞涨,113667,春23转债,315.14,+0.72%,+3.03%,18.19%,0.4,正股大涨+3.0% 转债仅+0.7% 偏离2.3%
10:54:56,B,正股大跌转债抗跌,113681,镇洋转债,131.21,+0.52%,-3.05%,5.10%,1.2,正股大跌-3.0% 转债仅0.5% 抗跌
10:56:31,B,超跌修复,127088,赫达转债,186.47,-3.38%,-1.22%,33.50%,0.0,转债超跌-3.4% vs 正股-1.2% 偏离2.2% 修复空间大
10:57:07,B,超跌修复,127055,精装转债,237.28,-7.31%,-2.78%,20.83%,5.7,转债超跌-7.3% vs 正股-2.8% 偏离4.5% 修复空间大
10:57:07,B,超跌修复,123131,奥飞转债,265.64,-2.21%,+1.66%,24.47%,3.1,转债超跌-2.2% vs 正股+1.7% 偏离3.9% 修复空间大
10:57:07,B,正股大跌转债抗跌,128127,文科转债,114.20,-0.28%,-5.35%,15.08%,3.0,正股大跌-5.3% 转债仅-0.3% 抗跌
10:57:07,B,超跌修复,127092,运机转债,275.00,-2.99%,+0.18%,19.46%,1.2,转债超跌-3.0% vs 正股+0.2% 偏离3.2% 修复空间大
10:57:07,B,超跌修复,127088,赫达转债,186.07,-3.59%,-1.10%,33.04%,0.2,转债超跌-3.6% vs 正股-1.1% 偏离2.5% 修复空间大
10:57:07,B,超跌修复,113615,金诚转债,743.10,-3.33%,-0.79%,20.13%,0.2,转债超跌-3.3% vs 正股-0.8% 偏离2.5% 修复空间大
10:58:53,B,放量拉升,111001,山玻转债,203.08,+2.41%,-4.32%,1.40%,0.0,"放量2.5x (均量329手/轮, 峰值833手) 成交额18.08亿 ⚠️强赎"
11:02:11,B,超跌修复,127055,精装转债,237.00,-7.42%,-2.62%,20.49%,7.0,转债超跌-7.4% vs 正股-2.6% 偏离4.8% 修复空间大
11:02:11,B,超跌修复,123131,奥飞转债,265.95,-2.10%,+1.99%,24.21%,3.9,转债超跌-2.1% vs 正股+2.0% 偏离4.1% 修复空间大
11:02:11,B,正股大跌转债抗跌,128127,文科转债,114.20,-0.28%,-5.35%,15.08%,3.0,正股大跌-5.3% 转债仅-0.3% 抗跌
11:02:11,B,超跌修复,127092,运机转债,274.90,-3.03%,+0.11%,19.51%,1.1,转债超跌-3.0% vs 正股+0.1% 偏离3.1% 修复空间大
11:02:11,B,超跌修复,113615,金诚转债,743.87,-3.23%,-0.79%,20.25%,0.2,转债超跌-3.2% vs 正股-0.8% 偏离2.4% 修复空间大
11:02:11,B,超跌修复,127088,赫达转债,187.17,-3.02%,-0.93%,33.60%,0.0,转债超跌-3.0% vs 正股-0.9% 偏离2.1% 修复空间大
11:02:47,B,超跌修复,127055,精装转债,237.17,-7.36%,-2.65%,20.61%,6.6,转债超跌-7.4% vs 正股-2.6% 偏离4.7% 修复空间大
11:02:47,B,超跌修复,123131,奥飞转债,266.06,-2.06%,+2.32%,23.86%,5.0,转债超跌-2.1% vs 正股+2.3% 偏离4.4% 修复空间大
11:02:47,B,超跌修复,118060,瑞可转债,255.56,-0.90%,+2.76%,34.56%,2.5,转债超跌-0.9% vs 正股+2.8% 偏离3.7% 修复空间大
11:02:47,B,正股大跌转债抗跌,128127,文科转债,114.18,-0.30%,-5.35%,15.06%,2.9,正股大跌-5.3% 转债仅-0.3% 抗跌
11:02:47,B,超跌修复,127092,运机转债,274.84,-3.05%,+0.07%,19.53%,1.1,转债超跌-3.0% vs 正股+0.1% 偏离3.1% 修复空间大
11:02:54,B,超跌修复,113658,密卫转债,142.01,-0.26%,+1.86%,26.52%,0.0,转债超跌-0.3% vs 正股+1.9% 偏离2.1% 修复空间大
11:03:04,B,超跌修复,127088,赫达转债,187.89,-2.65%,-0.59%,33.66%,0.0,转债超跌-2.6% vs 正股-0.6% 偏离2.1% 修复空间大
11:03:10,B,超跌修复,118056,路维转债,325.02,-2.94%,-0.47%,30.03%,0.2,转债超跌-2.9% vs 正股-0.5% 偏离2.5% 修复空间大
11:03:25,B,放量拉升,111001,山玻转债,203.29,+2.51%,-3.80%,0.97%,0.0,"放量2.7x (均量435手/轮, 峰值1187手) 成交额18.42亿 ⚠️强赎"
11:04:46,B,超跌修复,123225,翔丰转债,154.59,-0.22%,+1.78%,21.24%,0.0,转债超跌-0.2% vs 正股+1.8% 偏离2.0% 修复空间大
11:05:00,B,超跌修复,127078,优彩转债,138.01,-4.16%,-2.13%,26.21%,0.0,转债超跌-4.2% vs 正股-2.1% 偏离2.0% 修复空间大
11:06:30,B,正股大跌转债抗跌,113681,镇洋转债,131.09,+0.43%,-3.05%,5.01%,1.1,正股大跌-3.0% 转债仅0.4% 抗跌
11:07:48,B,超跌修复,127055,精装转债,237.62,-7.18%,-2.25%,20.34%,7.6,转债超跌-7.2% vs 正股-2.2% 偏离4.9% 修复空间大
11:07:48,B,超跌修复,123131,奥飞转债,265.23,-2.36%,+1.94%,23.93%,4.7,转债超跌-2.4% vs 正股+1.9% 偏离4.3% 修复空间大
11:07:48,B,正股大跌转债抗跌,128127,文科转债,114.21,-0.28%,-5.35%,15.09%,3.0,正股大跌-5.3% 转债仅-0.3% 抗跌
11:07:48,B,超跌修复,118060,瑞可转债,254.56,-1.29%,+2.13%,34.86%,1.8,转债超跌-1.3% vs 正股+2.1% 偏离3.4% 修复空间大
11:07:48,B,超跌修复,127092,运机转债,274.97,-3.01%,+0.04%,19.63%,1.0,转债超跌-3.0% vs 正股+0.0% 偏离3.0% 修复空间大
11:07:48,B,超跌修复,113615,金诚转债,743.49,-3.27%,-0.86%,20.27%,0.2,转债超跌-3.3% vs 正股-0.9% 偏离2.4% 修复空间大
11:08:08,B,超跌修复,127088,赫达转债,186.94,-3.14%,-0.55%,32.93%,0.3,转债超跌-3.1% vs 正股-0.6% 偏离2.6% 修复空间大
11:08:28,B,正股大跌转债抗跌,118051,皓元转债,255.67,-0.96%,-3.09%,23.62%,0.2,正股大跌-3.1% 转债仅-1.0% 抗跌
11:08:43,B,超跌修复,123183,海顺转债,137.88,-0.05%,+2.19%,18.26%,0.1,转债超跌-0.1% vs 正股+2.2% 偏离2.2% 修复空间大
11:09:27,B,放量拉升,111001,山玻转债,201.99,+1.86%,-5.00%,1.58%,0.4,"放量3.7x (均量142手/轮, 峰值526手) 成交额18.78亿 ⚠️强赎"
11:11:37,B,股价大涨转债滞涨,123225,翔丰转债,156.04,+0.72%,+3.01%,20.92%,0.3,正股大涨+3.0% 转债仅+0.7% 偏离2.3%
11:12:14,B,超跌修复,127078,优彩转债,138.62,-3.73%,-1.70%,26.22%,0.0,转债超跌-3.7% vs 正股-1.7% 偏离2.0% 修复空间大
11:12:32,B,超跌修复,118056,路维转债,319.93,-4.46%,-2.27%,30.34%,0.0,转债超跌-4.5% vs 正股-2.3% 偏离2.2% 修复空间大
11:12:51,B,超跌修复,127055,精装转债,237.40,-7.27%,-2.30%,20.29%,7.8,转债超跌-7.3% vs 正股-2.3% 偏离5.0% 修复空间大
11:12:51,B,超跌修复,118060,瑞可转债,253.79,-1.59%,+2.83%,33.53%,5.2,转债超跌-1.6% vs 正股+2.8% 偏离4.4% 修复空间大
11:12:51,B,超跌修复,123131,奥飞转债,264.75,-2.54%,+1.66%,24.05%,4.3,转债超跌-2.5% vs 正股+1.7% 偏离4.2% 修复空间大
11:12:51,B,正股大跌转债抗跌,128127,文科转债,114.18,-0.30%,-5.35%,15.06%,2.9,正股大跌-5.3% 转债仅-0.3% 抗跌
11:12:51,B,超跌修复,127092,运机转债,275.15,-2.94%,-0.22%,20.01%,0.5,转债超跌-2.9% vs 正股-0.2% 偏离2.7% 修复空间大
11:12:51,B,超跌修复,113615,金诚转债,748.43,-2.63%,+0.00%,20.03%,0.3,转债超跌-2.6% vs 正股+0.0% 偏离2.6% 修复空间大
11:13:10,B,超跌修复,127088,赫达转债,187.87,-2.66%,-0.21%,33.14%,0.2,转债超跌-2.7% vs 正股-0.2% 偏离2.5% 修复空间大
11:13:33,B,正股大跌转债抗跌,118051,皓元转债,255.68,-0.95%,-3.02%,23.53%,0.2,正股大跌-3.0% 转债仅-0.9% 抗跌
11:14:23,B,正股大跌转债抗跌,113681,镇洋转债,130.96,+0.33%,-3.05%,4.90%,1.0,正股大跌-3.0% 转债仅0.3% 抗跌
11:15:18,B,放量拉升,111001,山玻转债,202.35,+2.04%,-4.91%,1.68%,0.2,"放量3.3x (均量154手/轮, 峰值508手) 成交额19.03亿 ⚠️强赎"
11:15:41,B,股价大涨转债滞涨,123183,海顺转债,138.52,+0.42%,+3.09%,17.76%,0.6,正股大涨+3.1% 转债仅+0.4% 偏离2.7%
11:15:41,B,超跌修复,113658,密卫转债,141.83,-0.39%,+1.63%,26.65%,0.0,转债超跌-0.4% vs 正股+1.6% 偏离2.0% 修复空间大
11:16:40,B,股价大涨转债滞涨,123225,翔丰转债,156.45,+0.99%,+3.18%,21.03%,0.3,正股大涨+3.2% 转债仅+1.0% 偏离2.2%
11:17:26,B,超跌修复,127078,优彩转债,139.11,-3.40%,-1.28%,26.12%,0.0,转债超跌-3.4% vs 正股-1.3% 偏离2.1% 修复空间大
11:17:54,B,超跌修复,127055,精装转债,237.59,-7.19%,-2.27%,20.36%,7.6,转债超跌-7.2% vs 正股-2.3% 偏离4.9% 修复空间大
11:17:54,B,超跌修复,123131,奥飞转债,264.66,-2.57%,+1.89%,23.72%,5.4,转债超跌-2.6% vs 正股+1.9% 偏离4.5% 修复空间大
11:17:54,B,超跌修复,118060,瑞可转债,253.65,-1.64%,+2.63%,33.71%,4.6,转债超跌-1.6% vs 正股+2.6% 偏离4.3% 修复空间大
11:17:54,B,正股大跌转债抗跌,128127,文科转债,114.20,-0.29%,-5.11%,14.78%,2.6,正股大跌-5.1% 转债仅-0.3% 抗跌
11:17:54,B,超跌修复,113615,金诚转债,750.86,-2.32%,+0.69%,19.59%,0.9,转债超跌-2.3% vs 正股+0.7% 偏离3.0% 修复空间大
11:17:58,B,超跌修复,118056,路维转债,322.56,-3.68%,-1.65%,30.59%,0.0,转债超跌-3.7% vs 正股-1.6% 偏离2.0% 修复空间大
11:18:07,B,超跌修复,127092,运机转债,276.90,-2.32%,-0.18%,20.73%,0.0,转债超跌-2.3% vs 正股-0.2% 偏离2.1% 修复空间大
11:18:12,B,超跌修复,127088,赫达转债,187.76,-2.71%,-0.13%,32.94%,0.3,转债超跌-2.7% vs 正股-0.1% 偏离2.6% 修复空间大
11:22:26,B,超跌修复,127078,优彩转债,138.94,-3.51%,-1.42%,26.15%,0.0,转债超跌-3.5% vs 正股-1.4% 偏离2.1% 修复空间大
11:22:54,B,超跌修复,127055,精装转债,238.82,-6.71%,-1.47%,19.99%,9.4,转债超跌-6.7% vs 正股-1.5% 偏离5.2% 修复空间大
11:22:54,B,超跌修复,123131,奥飞转债,264.20,-2.74%,+1.75%,23.68%,5.5,转债超跌-2.7% vs 正股+1.8% 偏离4.5% 修复空间大
11:22:54,B,超跌修复,118060,瑞可转债,252.75,-1.99%,+1.86%,34.25%,3.0,转债超跌-2.0% vs 正股+1.9% 偏离3.9% 修复空间大
11:22:54,B,正股大跌转债抗跌,128127,文科转债,114.19,-0.29%,-5.35%,15.07%,2.9,正股大跌-5.3% 转债仅-0.3% 抗跌
11:22:54,B,超跌修复,113615,金诚转债,752.49,-2.10%,+0.15%,20.50%,0.1,转债超跌-2.1% vs 正股+0.1% 偏离2.2% 修复空间大
11:23:08,B,超跌修复,127092,运机转债,277.20,-2.22%,+0.04%,20.60%,0.1,转债超跌-2.2% vs 正股+0.0% 偏离2.3% 修复空间大
11:23:12,B,超跌修复,127088,赫达转债,188.31,-2.43%,-0.25%,33.51%,0.0,转债超跌-2.4% vs 正股-0.2% 偏离2.2% 修复空间大
11:23:17,B,超跌修复,118056,路维转债,320.89,-4.18%,-2.17%,30.61%,0.0,转债超跌-4.2% vs 正股-2.2% 偏离2.0% 修复空间大
11:27:13,B,正股大跌转债抗跌,113597,佳力转债,119.33,-0.97%,-3.11%,23.16%,0.2,正股大跌-3.1% 转债仅-1.0% 抗跌
11:27:59,B,超跌修复,127055,精装转债,241.07,-5.83%,+0.37%,18.89%,15.7,转债超跌-5.8% vs 正股+0.4% 偏离6.2% 修复空间大
11:27:59,B,超跌修复,123131,奥飞转债,266.40,-1.93%,+2.18%,24.19%,3.9,转债超跌-1.9% vs 正股+2.2% 偏离4.1% 修复空间大
11:27:59,B,超跌修复,118060,瑞可转债,253.96,-1.52%,+2.29%,34.32%,2.9,转债超跌-1.5% vs 正股+2.3% 偏离3.8% 修复空间大
11:27:59,B,正股大跌转债抗跌,128127,文科转债,114.21,-0.27%,-5.35%,15.09%,3.0,正股大跌-5.3% 转债仅-0.3% 抗跌
11:27:59,B,超跌修复,113615,金诚转债,755.26,-1.74%,+0.88%,20.07%,0.3,转债超跌-1.7% vs 正股+0.9% 偏离2.6% 修复空间大
11:28:08,B,超跌修复,127092,运机转债,278.65,-1.71%,+0.37%,20.83%,0.0,转债超跌-1.7% vs 正股+0.4% 偏离2.1% 修复空间大
11:28:17,B,超跌修复,127088,赫达转债,189.36,-1.88%,+0.13%,33.74%,0.0,转债超跌-1.9% vs 正股+0.1% 偏离2.0% 修复空间大
13:01:52,B,超跌修复,127078,优彩转债,139.45,-3.16%,-1.13%,26.25%,0.0,转债超跌-3.2% vs 正股-1.1% 偏离2.0% 修复空间大
13:02:10,B,正股大跌转债抗跌,110084,贵燃转债,128.82,-0.99%,-4.69%,21.62%,1.6,正股大跌-4.7% 转债仅-1.0% 抗跌 🔗板块 地下管网/氢能源(均涨+2.1%)
13:02:19,B,股价大涨转债滞涨,123183,海顺转债,139.28,+0.96%,+3.62%,17.80%,0.6,正股大涨+3.6% 转债仅+1.0% 偏离2.7%
13:02:50,B,正股大跌转债抗跌,113597,佳力转债,119.33,-0.98%,-3.00%,23.01%,0.2,正股大跌-3.0% 转债仅-1.0% 抗跌
13:03:45,B,超跌修复,127088,赫达转债,192.14,-0.44%,+1.60%,33.73%,0.0,转债超跌-0.4% vs 正股+1.6% 偏离2.0% 修复空间大
13:04:03,B,超跌修复,118056,路维转债,321.71,-3.93%,-1.92%,30.61%,0.0,转债超跌-3.9% vs 正股-1.9% 偏离2.0% 修复空间大
13:06:15,B,超跌修复,127055,精装转债,243.42,-4.91%,+1.31%,18.95%,9.9,转债超跌-4.9% vs 正股+1.3% 偏离6.2% 修复空间大
13:06:15,B,超跌修复,118060,瑞可转债,252.92,-1.93%,+2.93%,32.94%,4.5,转债超跌-1.9% vs 正股+2.9% 偏离4.9% 修复空间大
13:06:15,B,超跌修复,123131,奥飞转债,267.80,-1.42%,+3.08%,23.75%,3.5,转债超跌-1.4% vs 正股+3.1% 偏离4.5% 修复空间大
13:06:15,B,正股大跌转债抗跌,128127,文科转债,114.33,-0.17%,-5.35%,15.21%,3.1,正股大跌-5.3% 转债仅-0.2% 抗跌
13:06:15,B,超跌修复,113615,金诚转债,754.70,-1.82%,+0.65%,20.25%,0.1,转债超跌-1.8% vs 正股+0.7% 偏离2.5% 修复空间大
13:06:56,B,超跌修复,127078,优彩转债,140.34,-2.54%,-0.28%,25.96%,0.1,转债超跌-2.5% vs 正股-0.3% 偏离2.3% 修复空间大
13:07:14,B,正股大跌转债抗跌,110084,贵燃转债,129.17,-0.71%,-3.30%,20.20%,0.6,正股大跌-3.3% 转债仅-0.7% 抗跌 🔗板块 地下管网/氢能源(均涨+2.4%)
13:07:19,B,放量拉升,111001,山玻转债,203.52,+2.63%,-4.62%,1.94%,1.0,"放量4.5x (均量157手/轮, 峰值701手) 成交额19.77亿 ⚠️强赎"
13:09:30,B,超跌修复,118056,路维转债,319.69,-4.53%,-2.28%,30.27%,0.1,转债超跌-4.5% vs 正股-2.3% 偏离2.3% 修复空间大
13:11:19,B,超跌修复,127055,精装转债,240.37,-6.10%,-0.96%,20.15%,5.5,转债超跌-6.1% vs 正股-1.0% 偏离5.1% 修复空间大
13:11:19,B,超跌修复,118060,瑞可转债,252.01,-2.28%,+2.61%,32.88%,4.7,转债超跌-2.3% vs 正股+2.6% 偏离4.9% 修复空间大
13:11:19,B,超跌修复,123131,奥飞转债,267.45,-1.55%,+2.84%,23.87%,3.1,转债超跌-1.6% vs 正股+2.8% 偏离4.4% 修复空间大
13:11:19,B,正股大跌转债抗跌,128127,文科转债,114.38,-0.13%,-5.35%,15.26%,3.2,正股大跌-5.3% 转债仅-0.1% 抗跌
13:11:19,B,超跌修复,113615,金诚转债,756.00,-1.65%,+1.16%,19.86%,0.3,转债超跌-1.6% vs 正股+1.2% 偏离2.8% 修复空间大
13:12:00,B,超跌修复,127078,优彩转债,139.52,-3.11%,+0.00%,24.87%,0.7,转债超跌-3.1% vs 正股+0.0% 偏离3.1% 修复空间大
13:12:18,B,正股大跌转债抗跌,110084,贵燃转债,129.15,-0.73%,-3.68%,20.65%,0.8,正股大跌-3.7% 转债仅-0.7% 抗跌 🔗板块 地下管网/氢能源(均涨+2.4%)
13:12:23,B,放量拉升,111001,山玻转债,201.87,+1.79%,-5.64%,2.21%,1.1,"放量4.6x (均量203手/轮, 峰值930手) 成交额20.00亿 ⚠️强赎"
13:14:31,B,超跌修复,118056,路维转债,318.68,-4.84%,-2.71%,30.43%,0.0,转债超跌-4.8% vs 正股-2.7% 偏离2.1% 修复空间大
13:16:21,B,超跌修复,127055,精装转债,240.51,-6.05%,-0.56%,19.74%,6.8,转债超跌-6.0% vs 正股-0.6% 偏离5.5% 修复空间大
13:16:21,B,超跌修复,118060,瑞可转债,250.45,-2.89%,+2.11%,32.70%,5.0,转债超跌-2.9% vs 正股+2.1% 偏离5.0% 修复空间大
13:16:21,B,超跌修复,123131,奥飞转债,266.11,-2.04%,+2.94%,23.14%,5.0,转债超跌-2.0% vs 正股+2.9% 偏离5.0% 修复空间大
13:16:21,B,正股大跌转债抗跌,128127,文科转债,114.42,-0.09%,-5.60%,15.60%,3.6,正股大跌-5.6% 转债仅-0.1% 抗跌
13:16:21,B,超跌修复,113615,金诚转债,758.31,-1.35%,+1.39%,19.95%,0.3,转债超跌-1.4% vs 正股+1.4% 偏离2.7% 修复空间大
13:17:02,B,超跌修复,127078,优彩转债,139.85,-2.88%,+0.14%,24.99%,0.6,转债超跌-2.9% vs 正股+0.1% 偏离3.0% 修复空间大
13:17:20,B,正股大跌转债抗跌,110084,贵燃转债,128.95,-0.88%,-3.93%,20.78%,1.0,正股大跌-3.9% 转债仅-0.9% 抗跌 🔗板块 地下管网/氢能源(均涨+2.5%)
13:17:24,B,放量拉升,111001,山玻转债,199.31,+0.50%,-6.50%,1.84%,0.5,"放量3.9x (均量450手/轮, 峰值1741手) 成交额20.30亿 ⚠️强赎"
13:17:47,B,超跌修复,118050,航宇转债,294.25,-4.06%,-2.04%,27.24%,0.0,转债超跌-4.1% vs 正股-2.0% 偏离2.0% 修复空间大
13:21:26,B,超跌修复,127055,精装转债,240.00,-6.25%,-0.72%,19.68%,6.9,转债超跌-6.2% vs 正股-0.7% 偏离5.5% 修复空间大
13:21:26,B,超跌修复,118060,瑞可转债,250.96,-2.69%,+2.54%,32.42%,5.8,转债超跌-2.7% vs 正股+2.5% 偏离5.2% 修复空间大
13:21:26,B,超跌修复,123131,奥飞转债,267.08,-1.68%,+3.17%,23.31%,4.5,转债超跌-1.7% vs 正股+3.2% 偏离4.8% 修复空间大
13:21:26,B,正股大跌转债抗跌,128127,文科转债,114.37,-0.14%,-5.84%,15.84%,3.9,正股大跌-5.8% 转债仅-0.1% 抗跌
13:21:26,B,超跌修复,113615,金诚转债,752.87,-2.05%,+0.57%,20.06%,0.2,转债超跌-2.0% vs 正股+0.6% 偏离2.6% 修复空间大
13:22:02,B,超跌修复,127078,优彩转债,140.25,-2.61%,+0.43%,24.99%,0.6,转债超跌-2.6% vs 正股+0.4% 偏离3.0% 修复空间大
13:22:20,B,正股大跌转债抗跌,110084,贵燃转债,129.09,-0.78%,-3.93%,20.91%,1.0,正股大跌-3.9% 转债仅-0.8% 抗跌 🔗板块 地下管网/氢能源(均涨+2.5%)
13:22:25,B,放量拉升,111001,山玻转债,201.37,+1.54%,-5.64%,1.96%,0.2,"放量3.3x (均量239手/轮, 峰值801手) 成交额20.69亿 ⚠️强赎"
13:23:23,B,超跌修复,118050,航宇转债,295.24,-3.73%,-1.73%,27.27%,0.0,转债超跌-3.7% vs 正股-1.7% 偏离2.0% 修复空间大
13:24:36,B,正股大跌转债抗跌,127034,绿茵转债,126.78,-0.98%,-3.21%,27.23%,0.3,正股大跌-3.2% 转债仅-1.0% 抗跌
13:26:30,B,超跌修复,127055,精装转债,238.80,-6.72%,-1.31%,19.79%,6.5,转债超跌-6.7% vs 正股-1.3% 偏离5.4% 修复空间大
13:26:30,B,超跌修复,123131,奥飞转债,266.70,-1.82%,+2.98%,23.36%,4.3,转债超跌-1.8% vs 正股+3.0% 偏离4.8% 修复空间大
13:26:30,B,超跌修复,118060,瑞可转债,248.90,-3.49%,+1.21%,33.05%,4.0,转债超跌-3.5% vs 正股+1.2% 偏离4.7% 修复空间大
13:26:30,B,正股大跌转债抗跌,128127,文科转债,114.45,-0.07%,-5.11%,15.04%,2.9,正股大跌-5.1% 转债仅-0.1% 抗跌
13:26:30,B,超跌修复,113615,金诚转债,750.47,-2.37%,+0.30%,20.00%,0.2,转债超跌-2.4% vs 正股+0.3% 偏离2.7% 修复空间大
13:27:06,B,超跌修复,127078,优彩转债,140.05,-2.74%,+0.00%,25.35%,0.3,转债超跌-2.7% vs 正股+0.0% 偏离2.7% 修复空间大
13:27:24,B,正股大跌转债抗跌,110084,贵燃转债,128.97,-0.87%,-4.31%,21.28%,1.3,正股大跌-4.3% 转债仅-0.9% 抗跌 🔗板块 地下管网/氢能源(均涨+2.2%)
13:27:29,B,放量拉升,111001,山玻转债,199.78,+0.74%,-6.28%,1.85%,0.4,"放量3.7x (均量214手/轮, 峰值786手) 成交额20.98亿 ⚠️强赎"
13:28:01,B,股价大涨转债滞涨,128142,新乳转债,115.15,+0.83%,+3.06%,30.09%,0.3,正股大涨+3.1% 转债仅+0.8% 偏离2.2%
13:31:30,B,超跌修复,127055,精装转债,238.16,-6.97%,-1.42%,19.60%,7.0,转债超跌-7.0% vs 正股-1.4% 偏离5.5% 修复空间大
13:31:30,B,超跌修复,118060,瑞可转债,246.05,-4.59%,+0.78%,32.09%,6.3,转债超跌-4.6% vs 正股+0.8% 偏离5.4% 修复空间大
13:31:30,B,超跌修复,123131,奥飞转债,266.66,-1.84%,+2.65%,23.73%,3.5,转债超跌-1.8% vs 正股+2.6% 偏离4.5% 修复空间大
13:31:30,B,正股大跌转债抗跌,128127,文科转债,114.37,-0.14%,-5.35%,15.25%,3.2,正股大跌-5.3% 转债仅-0.1% 抗跌
13:31:30,B,超跌修复,113615,金诚转债,748.90,-2.57%,+0.05%,20.04%,0.2,转债超跌-2.6% vs 正股+0.1% 偏离2.6% 修复空间大
13:32:06,B,超跌修复,127078,优彩转债,139.77,-2.94%,-0.28%,25.46%,0.2,转债超跌-2.9% vs 正股-0.3% 偏离2.7% 修复空间大
13:32:29,B,正股大跌转债抗跌,110084,贵燃转债,128.93,-0.90%,-4.44%,21.41%,1.4,正股大跌-4.4% 转债仅-0.9% 抗跌 🔗板块 地下管网/氢能源(均涨+2.4%)
13:32:33,B,放量拉升,111001,山玻转债,201.71,+1.72%,-6.07%,2.60%,0.0,"放量2.6x (均量295手/轮, 峰值760手) 成交额21.23亿 ⚠️强赎"
13:36:35,B,超跌修复,127055,精装转债,238.80,-6.72%,-1.23%,19.69%,6.8,转债超跌-6.7% vs 正股-1.2% 偏离5.5% 修复空间大
13:36:35,B,超跌修复,118060,瑞可转债,247.03,-4.21%,+1.01%,32.32%,5.8,转债超跌-4.2% vs 正股+1.0% 偏离5.2% 修复空间大
13:36:35,B,超跌修复,123131,奥飞转债,267.02,-1.70%,+3.03%,23.45%,4.2,转债超跌-1.7% vs 正股+3.0% 偏离4.7% 修复空间大
13:36:35,B,正股大跌转债抗跌,128127,文科转债,114.37,-0.13%,-5.84%,15.85%,4.0,正股大跌-5.8% 转债仅-0.1% 抗跌
13:36:35,B,超跌修复,113615,金诚转债,759.38,-1.21%,+1.85%,19.58%,0.6,转债超跌-1.2% vs 正股+1.9% 偏离3.1% 修复空间大
13:36:39,B,超跌修复,118050,航宇转债,293.76,-4.22%,-2.21%,27.25%,0.0,转债超跌-4.2% vs 正股-2.2% 偏离2.0% 修复空间大
13:37:07,B,超跌修复,127078,优彩转债,139.95,-2.81%,-0.14%,25.44%,0.2,转债超跌-2.8% vs 正股-0.1% 偏离2.7% 修复空间大
13:37:29,B,正股大跌转债抗跌,110084,贵燃转债,129.32,-0.60%,-4.06%,21.29%,1.3,正股大跌-4.1% 转债仅-0.6% 抗跌 🔗板块 地下管网/氢能源(均涨+3.4%)
13:38:17,B,放量拉升,111001,山玻转债,202.91,+2.32%,-5.38%,2.46%,0.4,"放量3.7x (均量223手/轮, 峰值824手) 成交额21.61亿 ⚠️强赎"
13:41:38,B,超跌修复,118060,瑞可转债,246.90,-4.26%,+1.60%,31.47%,8.3,转债超跌-4.3% vs 正股+1.6% 偏离5.9% 修复空间大
13:41:38,B,超跌修复,127055,精装转债,241.60,-5.62%,+0.16%,19.41%,8.0,转债超跌-5.6% vs 正股+0.2% 偏离5.8% 修复空间大
13:41:38,B,超跌修复,123131,奥飞转债,267.70,-1.45%,+2.84%,23.99%,2.9,转债超跌-1.4% vs 正股+2.8% 偏离4.3% 修复空间大
13:41:38,B,正股大跌转债抗跌,128127,文科转债,114.40,-0.11%,-5.84%,15.88%,4.8,正股大跌-5.8% 转债仅-0.1% 抗跌 🔗板块 绿色电力/PPP概念(均涨+2.5%)
13:42:05,B,超跌修复,113615,金诚转债,768.24,-0.05%,+2.68%,19.99%,0.3,转债超跌-0.1% vs 正股+2.7% 偏离2.7% 修复空间大
13:42:10,B,超跌修复,127078,优彩转债,140.10,-2.71%,-0.14%,25.57%,0.2,转债超跌-2.7% vs 正股-0.1% 偏离2.6% 修复空间大
13:42:33,B,正股大跌转债抗跌,110084,贵燃转债,129.20,-0.69%,-4.56%,21.83%,1.8,正股大跌-4.6% 转债仅-0.7% 抗跌 🔗板块 地下管网/氢能源(均涨+4.7%)
13:43:19,B,放量拉升,111001,山玻转债,203.51,+2.62%,-4.83%,2.16%,1.4,"放量4.8x (均量374手/轮, 峰值1804手) 成交额22.04亿 ⚠️强赎"
13:45:08,B,放量拉升,127079,华亚转债,269.27,+0.43%,-0.18%,0.02%,10.0,"放量8.6x (均量169手/轮, 峰值1469手) 成交额3.67亿 ⚠️强赎"
13:45:58,B,超跌修复,118050,航宇转债,293.62,-4.26%,-2.22%,27.21%,0.0,转债超跌-4.3% vs 正股-2.2% 偏离2.0% 修复空间大
13:46:40,B,超跌修复,127055,精装转债,241.70,-5.59%,+0.91%,18.57%,11.2,转债超跌-5.6% vs 正股+0.9% 偏离6.5% 修复空间大
13:46:40,B,超跌修复,118060,瑞可转债,248.46,-3.66%,+1.14%,32.91%,4.3,转债超跌-3.7% vs 正股+1.1% 偏离4.8% 修复空间大
13:46:40,B,超跌修复,123131,奥飞转债,268.32,-1.22%,+3.13%,23.94%,3.0,转债超跌-1.2% vs 正股+3.1% 偏离4.3% 修复空间大
13:46:40,B,正股大跌转债抗跌,128127,文科转债,114.38,-0.13%,-5.60%,15.56%,4.3,正股大跌-5.6% 转债仅-0.1% 抗跌 🔗板块 绿色电力/PPP概念(均涨+2.5%)
13:47:11,B,超跌修复,127078,优彩转债,140.01,-2.77%,+0.14%,25.14%,0.5,转债超跌-2.8% vs 正股+0.1% 偏离2.9% 修复空间大
13:47:34,B,正股大跌转债抗跌,110084,贵燃转债,129.39,-0.55%,-4.44%,21.83%,1.8,正股大跌-4.4% 转债仅-0.6% 抗跌 🔗板块 地下管网/氢能源(均涨+4.6%)
13:47:38,B,超跌修复,113615,金诚转债,768.50,-0.02%,+2.42%,20.34%,0.1,转债超跌-0.0% vs 正股+2.4% 偏离2.4% 修复空间大
13:48:20,B,放量拉升,111001,山玻转债,203.30,+2.52%,-4.87%,2.10%,2.2,"放量5.4x (均量224手/轮, 峰值1209手) 成交额22.36亿 ⚠️强赎"
13:50:59,B,超跌修复,118050,航宇转债,295.20,-3.75%,-1.66%,27.17%,0.0,转债超跌-3.8% vs 正股-1.7% 偏离2.1% 修复空间大
13:51:40,B,超跌修复,127055,精装转债,242.70,-5.20%,+0.99%,18.97%,9.8,转债超跌-5.2% vs 正股+1.0% 偏离6.2% 修复空间大
13:51:40,B,超跌修复,118060,瑞可转债,249.80,-3.14%,+1.29%,33.44%,3.3,转债超跌-3.1% vs 正股+1.3% 偏离4.4% 修复空间大
13:51:40,B,超跌修复,123131,奥飞转债,270.61,-0.38%,+3.46%,24.59%,1.9,转债超跌-0.4% vs 正股+3.5% 偏离3.8% 修复空间大
13:51:40,B,正股大跌转债抗跌,128127,文科转债,114.40,-0.11%,-5.35%,15.28%,3.8,正股大跌-5.3% 转债仅-0.1% 抗跌 🔗板块 绿色电力/PPP概念(均涨+2.5%)
13:52:12,B,超跌修复,127078,优彩转债,140.63,-2.34%,+0.99%,24.63%,1.0,转债超跌-2.3% vs 正股+1.0% 偏离3.3% 修复空间大
13:52:35,B,正股大跌转债抗跌,110084,贵燃转债,129.36,-0.57%,-4.18%,21.49%,1.4,正股大跌-4.2% 转债仅-0.6% 抗跌 🔗板块 地下管网/氢能源(均涨+4.6%)
13:53:25,B,放量拉升,111001,山玻转债,203.53,+2.64%,-4.70%,2.04%,1.1,"放量4.5x (均量124手/轮, 峰值562手) 成交额22.55亿 ⚠️强赎"
13:53:29,B,正股大跌转债抗跌,127034,绿茵转债,126.77,-0.99%,-3.47%,27.56%,0.4,正股大跌-3.5% 转债仅-1.0% 抗跌
13:56:04,B,超跌修复,118050,航宇转债,293.09,-4.43%,-1.51%,26.06%,0.5,转债超跌-4.4% vs 正股-1.5% 偏离2.9% 修复空间大
13:56:04,B,超跌修复,113615,金诚转债,768.14,-0.07%,+1.97%,20.81%,0.0,转债超跌-0.1% vs 正股+2.0% 偏离2.0% 修复空间大
13:56:45,B,超跌修复,127055,精装转债,245.28,-4.19%,+1.36%,19.79%,7.0,转债超跌-4.2% vs 正股+1.4% 偏离5.6% 修复空间大
13:56:45,B,超跌修复,118060,瑞可转债,250.83,-2.74%,+1.60%,33.57%,3.0,转债超跌-2.7% vs 正股+1.6% 偏离4.3% 修复空间大
13:56:45,B,超跌修复,123131,奥飞转债,269.48,-0.80%,+3.41%,24.13%,2.7,转债超跌-0.8% vs 正股+3.4% 偏离4.2% 修复空间大
13:56:45,B,正股大跌转债抗跌,128127,文科转债,114.43,-0.09%,-4.87%,14.72%,3.1,正股大跌-4.9% 转债仅-0.1% 抗跌 🔗板块 绿色电力/PPP概念(均涨+2.2%)
13:57:17,B,超跌修复,127078,优彩转债,141.77,-1.55%,+1.28%,25.29%,0.4,转债超跌-1.6% vs 正股+1.3% 偏离2.8% 修复空间大
13:57:39,B,正股大跌转债抗跌,110084,贵燃转债,129.77,-0.25%,-3.17%,20.60%,0.8,正股大跌-3.2% 转债仅-0.2% 抗跌 🔗板块 地下管网/氢能源(均涨+4.1%)
13:58:35,B,放量拉升,111001,山玻转债,204.01,+2.88%,-4.19%,1.73%,0.7,"放量4.1x (均量193手/轮, 峰值791手) 成交额22.86亿 ⚠️强赎"
14:00:28,B,正股大跌转债抗跌,127034,绿茵转债,126.81,-0.96%,-3.12%,27.15%,0.2,正股大跌-3.1% 转债仅-1.0% 抗跌
14:01:05,B,超跌修复,118050,航宇转债,292.91,-4.49%,-1.48%,25.94%,0.6,转债超跌-4.5% vs 正股-1.5% 偏离3.0% 修复空间大
14:01:05,B,超跌修复,113615,金诚转债,767.33,-0.17%,+1.96%,20.70%,0.0,转债超跌-0.2% vs 正股+2.0% 偏离2.1% 修复空间大
14:01:14,B,股价大涨转债滞涨,113646,永吉转债,156.54,+0.81%,+3.00%,30.99%,0.3,正股大涨+3.0% 转债仅+0.8% 偏离2.2%
14:01:46,B,超跌修复,127055,精装转债,247.01,-3.51%,+1.61%,20.35%,5.4,转债超跌-3.5% vs 正股+1.6% 偏离5.1% 修复空间大
14:01:46,B,超跌修复,123131,奥飞转债,270.28,-0.51%,+3.65%,24.21%,2.6,转债超跌-0.5% vs 正股+3.6% 偏离4.2% 修复空间大
14:01:46,B,超跌修复,118060,瑞可转债,252.49,-2.09%,+1.96%,33.98%,2.4,转债超跌-2.1% vs 正股+2.0% 偏离4.0% 修复空间大
14:01:46,B,正股大跌转债抗跌,128127,文科转债,114.43,-0.08%,-4.87%,14.72%,3.1,正股大跌-4.9% 转债仅-0.1% 抗跌 🔗板块 绿色电力/PPP概念(均涨+2.2%)
14:02:13,B,股价大涨转债滞涨,128142,新乳转债,115.28,+0.95%,+3.06%,30.24%,0.4,正股大涨+3.1% 转债仅+0.9% 偏离2.1% 🔗板块 绿色电力/西部大开发(均涨+2.0%)
14:02:17,B,超跌修复,127078,优彩转债,142.98,-0.71%,+2.13%,25.30%,0.4,转债超跌-0.7% vs 正股+2.1% 偏离2.8% 修复空间大
14:02:40,B,正股大跌转债抗跌,110084,贵燃转债,129.62,-0.37%,-3.17%,20.46%,0.7,正股大跌-3.2% 转债仅-0.4% 抗跌 🔗板块 地下管网/氢能源(均涨+4.2%)
14:03:35,B,放量拉升,111001,山玻转债,203.61,+2.68%,-4.02%,1.35%,0.0,"放量2.8x (均量287手/轮, 峰值796手) 成交额23.27亿 ⚠️强赎"
14:06:09,B,超跌修复,118050,航宇转债,290.99,-5.12%,-1.41%,25.03%,1.6,转债超跌-5.1% vs 正股-1.4% 偏离3.7% 修复空间大
14:06:09,B,股价大涨转债滞涨,113615,金诚转债,774.68,+0.78%,+3.05%,20.57%,0.3,正股大涨+3.0% 转债仅+0.8% 偏离2.3%
14:06:14,B,股价大涨转债滞涨,113646,永吉转债,156.74,+0.94%,+3.43%,30.62%,0.5,正股大涨+3.4% 转债仅+0.9% 偏离2.5%
14:06:46,B,超跌修复,127055,精装转债,246.92,-3.55%,+1.42%,20.53%,4.9,转债超跌-3.5% vs 正股+1.4% 偏离5.0% 修复空间大
14:06:46,B,正股大跌转债抗跌,128127,文科转债,114.44,-0.07%,-4.62%,14.44%,2.8,正股大跌-4.6% 转债仅-0.1% 抗跌 🔗板块 绿色电力/PPP概念(均涨+2.5%)
14:06:46,B,超跌修复,118060,瑞可转债,252.12,-2.24%,+1.20%,34.78%,1.1,转债超跌-2.2% vs 正股+1.2% 偏离3.4% 修复空间大
14:06:46,B,股价大涨转债滞涨,123131,奥飞转债,272.59,+0.35%,+3.98%,24.87%,1.7,正股大涨+4.0% 转债仅+0.3% 偏离3.6% 🔗板块 绿色电力/东数西算(算力)(均涨+2.8%)
14:07:18,B,超跌修复,127078,优彩转债,143.80,-0.14%,+2.70%,25.33%,0.4,转债超跌-0.1% vs 正股+2.7% 偏离2.8% 修复空间大
14:07:40,B,正股大跌转债抗跌,110084,贵燃转债,129.52,-0.44%,-3.04%,20.21%,0.6,正股大跌-3.0% 转债仅-0.4% 抗跌 🔗板块 地下管网/氢能源(均涨+4.1%)
14:07:54,B,放量拉升,118018,瑞科转债,290.99,+0.06%,+0.20%,-0.83%,0.6,"放量4.0x (均量128手/轮, 峰值515手) 成交额5.65亿 ⚠️强赎"
14:10:25,B,正股大跌转债抗跌,127096,泰坦转债,773.03,-0.84%,-3.29%,6.79%,0.4,正股大跌-3.3% 转债仅-0.8% 抗跌
14:11:10,B,超跌修复,118050,航宇转债,294.72,-3.90%,-1.34%,26.55%,0.1,转债超跌-3.9% vs 正股-1.3% 偏离2.6% 修复空间大
14:11:47,B,超跌修复,127055,精装转债,248.50,-2.93%,+2.27%,20.29%,5.7,转债超跌-2.9% vs 正股+2.3% 偏离5.2% 修复空间大
14:11:47,B,正股大跌转债抗跌,128127,文科转债,114.45,-0.06%,-4.62%,14.45%,2.8,正股大跌-4.6% 转债仅-0.1% 抗跌 🔗板块 绿色电力/PPP概念(均涨+2.5%)
14:11:47,B,股价大涨转债滞涨,123131,奥飞转债,273.54,+0.70%,+4.02%,25.25%,1.3,正股大涨+4.0% 转债仅+0.7% 偏离3.3% 🔗板块 绿色电力/东数西算(算力)(均涨+2.8%)
14:11:47,B,超跌修复,118060,瑞可转债,252.34,-2.15%,+0.84%,35.38%,0.6,转债超跌-2.1% vs 正股+0.8% 偏离3.0% 修复空间大
14:11:47,B,股价大涨转债滞涨,113615,金诚转债,773.77,+0.66%,+3.01%,20.47%,0.4,正股大涨+3.0% 转债仅+0.7% 偏离2.3%
14:11:51,B,放量拉升,111001,山玻转债,202.37,+2.05%,-4.83%,1.59%,0.1,"放量2.9x (均量236手/轮, 峰值688手) 成交额23.74亿 ⚠️强赎"
14:12:19,B,股价大涨转债滞涨,127078,优彩转债,144.46,+0.32%,+3.26%,25.21%,0.8,正股大涨+3.3% 转债仅+0.3% 偏离2.9%
14:12:41,B,正股大跌转债抗跌,110084,贵燃转债,129.55,-0.42%,-3.30%,20.55%,0.7,正股大跌-3.3% 转债仅-0.4% 抗跌 🔗板块 地下管网/氢能源(均涨+4.5%)
14:14:31,B,放量拉升,118018,瑞科转债,293.00,+0.75%,+0.91%,-0.85%,0.4,"放量3.6x (均量174手/轮, 峰值634手) 成交额6.10亿 ⚠️强赎"
14:16:11,B,超跌修复,118050,航宇转债,293.82,-4.20%,-1.26%,26.05%,0.5,转债超跌-4.2% vs 正股-1.3% 偏离2.9% 修复空间大
14:16:48,B,超跌修复,127055,精装转债,248.25,-3.03%,+2.86%,19.48%,8.4,转债超跌-3.0% vs 正股+2.9% 偏离5.9% 修复空间大
14:16:48,B,正股大跌转债抗跌,128127,文科转债,114.43,-0.08%,-4.62%,14.43%,2.6,正股大跌-4.6% 转债仅-0.1% 抗跌 🔗板块 绿色电力/PPP概念(均涨+2.7%)
14:16:48,B,超跌修复,118060,瑞可转债,251.93,-2.31%,+0.87%,35.12%,0.8,转债超跌-2.3% vs 正股+0.9% 偏离3.2% 修复空间大
14:16:48,B,股价大涨转债滞涨,123131,奥飞转债,272.90,+0.46%,+3.55%,25.53%,1.1,正股大涨+3.5% 转债仅+0.5% 偏离3.1% 🔗板块 绿色电力/东数西算(算力)(均涨+2.9%)
14:16:48,B,股价大涨转债滞涨,113615,金诚转债,775.91,+0.94%,+3.19%,20.60%,0.3,正股大涨+3.2% 转债仅+0.9% 偏离2.2%
14:16:52,B,放量拉升,111001,山玻转债,202.48,+2.10%,-4.32%,1.10%,0.2,"放量3.4x (均量167手/轮, 峰值578手) 成交额23.94亿 ⚠️强赎"
14:17:20,B,股价大涨转债滞涨,127078,优彩转债,144.00,+0.00%,+3.40%,24.64%,1.2,正股大涨+3.4% 转债仅+0.0% 偏离3.4%
14:17:43,B,正股大跌转债抗跌,110084,贵燃转债,129.50,-0.46%,-3.17%,20.35%,0.6,正股大跌-3.2% 转债仅-0.5% 抗跌 🔗板块 地下管网/氢能源(均涨+4.5%)
14:19:33,B,放量拉升,118018,瑞科转债,296.09,+1.81%,+1.76%,-0.64%,0.0,"放量2.7x (均量214手/轮, 峰值580手) 成交额6.50亿 ⚠️强赎"
14:21:13,B,超跌修复,118050,航宇转债,293.99,-4.14%,-1.27%,26.15%,0.4,转债超跌-4.1% vs 正股-1.3% 偏离2.9% 修复空间大
14:21:27,B,股价大涨转债滞涨,113646,永吉转债,156.82,+0.99%,+3.21%,30.95%,0.3,正股大涨+3.2% 转债仅+1.0% 偏离2.2%
14:21:51,B,超跌修复,127055,精装转债,247.27,-3.41%,+2.57%,19.34%,8.8,转债超跌-3.4% vs 正股+2.6% 偏离6.0% 修复空间大
14:21:51,B,正股大跌转债抗跌,128127,文科转债,114.43,-0.08%,-4.87%,14.72%,3.1,正股大跌-4.9% 转债仅-0.1% 抗跌 🔗板块 绿色电力/PPP概念(均涨+2.6%)
14:21:51,B,股价大涨转债滞涨,123131,奥飞转债,272.37,+0.27%,+3.60%,25.23%,1.3,正股大涨+3.6% 转债仅+0.3% 偏离3.3% 🔗板块 绿色电力/东数西算(算力)(均涨+2.8%)
14:21:51,B,超跌修复,118060,瑞可转债,251.71,-2.40%,+0.50%,35.50%,0.5,转债超跌-2.4% vs 正股+0.5% 偏离2.9% 修复空间大
14:21:55,B,放量拉升,111001,山玻转债,204.36,+3.05%,-3.93%,1.63%,0.2,"放量3.5x (均量456手/轮, 峰值1594手) 成交额24.43亿 ⚠️强赎"
14:22:22,B,股价大涨转债滞涨,127078,优彩转债,144.35,+0.24%,+3.55%,24.78%,1.1,正股大涨+3.5% 转债仅+0.2% 偏离3.3%
14:22:22,B,股价大涨转债滞涨,128142,新乳转债,115.29,+0.96%,+3.66%,29.50%,0.7,正股大涨+3.7% 转债仅+1.0% 偏离2.7% 🔗板块 绿色电力/西部大开发(均涨+2.4%)
14:22:46,B,正股大跌转债抗跌,110084,贵燃转债,129.30,-0.61%,-3.04%,20.01%,0.5,正股大跌-3.0% 转债仅-0.6% 抗跌 🔗板块 地下管网/氢能源(均涨+4.3%)
14:24:35,B,放量拉升,118018,瑞科转债,295.30,+1.54%,+1.15%,-0.32%,0.1,"放量3.1x (均量202手/轮, 峰值628手) 成交额7.06亿 ⚠️强赎"
14:26:14,B,超跌修复,118050,航宇转债,294.44,-3.99%,-0.98%,25.97%,0.6,转债超跌-4.0% vs 正股-1.0% 偏离3.0% 修复空间大
14:26:28,B,股价大涨转债滞涨,113646,永吉转债,156.67,+0.89%,+3.10%,30.96%,0.3,正股大涨+3.1% 转债仅+0.9% 偏离2.2%
14:26:51,B,超跌修复,127055,精装转债,246.67,-3.65%,+2.46%,19.18%,9.4,转债超跌-3.6% vs 正股+2.5% 偏离6.1% 修复空间大
14:26:51,B,正股大跌转债抗跌,128127,文科转债,114.43,-0.08%,-4.87%,14.72%,3.1,正股大跌-4.9% 转债仅-0.1% 抗跌 🔗板块 绿色电力/PPP概念(均涨+2.8%)
14:26:51,B,股价大涨转债滞涨,123131,奥飞转债,272.36,+0.26%,+3.69%,25.11%,1.4,正股大涨+3.7% 转债仅+0.3% 偏离3.4% 🔗板块 绿色电力/东数西算(算力)(均涨+3.0%)
14:26:51,B,超跌修复,118060,瑞可转债,252.44,-2.11%,+0.93%,35.33%,0.6,转债超跌-2.1% vs 正股+0.9% 偏离3.0% 修复空间大
14:27:23,B,股价大涨转债滞涨,127078,优彩转债,144.04,+0.03%,+3.40%,24.68%,1.1,正股大涨+3.4% 转债仅+0.0% 偏离3.4%
14:27:50,B,正股大跌转债抗跌,110084,贵燃转债,129.27,-0.64%,-3.30%,20.29%,0.6,正股大跌-3.3% 转债仅-0.6% 抗跌 🔗板块 地下管网/氢能源(均涨+4.4%)
14:27:55,B,放量拉升,111001,山玻转债,204.10,+2.92%,-3.97%,1.55%,0.4,"放量3.8x (均量150手/轮, 峰值564手) 成交额24.74亿 ⚠️强赎"
14:31:15,B,超跌修复,118050,航宇转债,293.74,-4.22%,-1.10%,25.82%,0.7,转债超跌-4.2% vs 正股-1.1% 偏离3.1% 修复空间大
14:31:56,B,超跌修复,127055,精装转债,246.64,-3.66%,+2.84%,18.73%,11.2,转债超跌-3.7% vs 正股+2.8% 偏离6.5% 修复空间大
14:31:56,B,正股大跌转债抗跌,128127,文科转债,114.48,-0.04%,-4.87%,14.77%,3.1,正股大跌-4.9% 转债仅-0.0% 抗跌 🔗板块 绿色电力/PPP概念(均涨+2.8%)
14:31:56,B,超跌修复,118060,瑞可转债,251.50,-2.48%,+0.75%,35.06%,0.8,转债超跌-2.5% vs 正股+0.8% 偏离3.2% 修复空间大
14:31:56,B,股价大涨转债滞涨,123131,奥飞转债,273.31,+0.61%,+3.65%,25.61%,1.0,正股大涨+3.6% 转债仅+0.6% 偏离3.0% 🔗板块 绿色电力/东数西算(算力)(均涨+3.0%)
14:32:00,B,股价大涨转债滞涨,113646,永吉转债,156.72,+0.93%,+3.00%,31.15%,0.2,正股大涨+3.0% 转债仅+0.9% 偏离2.1%
14:32:23,B,股价大涨转债滞涨,127078,优彩转债,144.08,+0.06%,+3.12%,25.05%,0.9,正股大涨+3.1% 转债仅+0.1% 偏离3.1%
14:32:50,B,正股大跌转债抗跌,110084,贵燃转债,129.40,-0.54%,-3.17%,20.26%,0.6,正股大跌-3.2% 转债仅-0.5% 抗跌 🔗板块 地下管网/氢能源(均涨+4.4%)
14:32:59,B,放量拉升,111001,山玻转债,202.92,+2.32%,-4.19%,1.19%,1.7,"放量5.0x (均量168手/轮, 峰值843手) 成交额24.97亿 ⚠️强赎"
14:33:13,B,放量拉升,127079,华亚转债,268.40,+0.11%,-0.05%,-0.44%,19.9,"放量11.1x (均量62手/轮, 峰值700手) 成交额4.74亿 ⚠️强赎"
14:36:19,B,超跌修复,118050,航宇转债,295.09,-3.78%,-0.88%,26.12%,0.5,转债超跌-3.8% vs 正股-0.9% 偏离2.9% 修复空间大
14:36:56,B,超跌修复,127055,精装转债,248.29,-3.01%,+3.59%,18.66%,11.8,转债超跌-3.0% vs 正股+3.6% 偏离6.6% 修复空间大
14:36:56,B,正股大跌转债抗跌,128127,文科转债,114.42,-0.09%,-5.35%,15.30%,3.8,正股大跌-5.3% 转债仅-0.1% 抗跌 🔗板块 绿色电力/PPP概念(均涨+2.7%)
14:36:56,B,超跌修复,118060,瑞可转债,251.64,-2.42%,+0.40%,35.60%,0.3,转债超跌-2.4% vs 正股+0.4% 偏离2.8% 修复空间大
14:36:56,B,股价大涨转债滞涨,123131,奥飞转债,273.88,+0.82%,+3.60%,25.93%,0.7,正股大涨+3.6% 转债仅+0.8% 偏离2.8% 🔗板块 绿色电力/东数西算(算力)(均涨+2.9%)
14:37:24,B,股价大涨转债滞涨,127078,优彩转债,144.10,+0.07%,+3.26%,24.90%,1.0,正股大涨+3.3% 转债仅+0.1% 偏离3.2%
14:37:53,B,正股大跌转债抗跌,110084,贵燃转债,129.41,-0.53%,-3.17%,20.27%,0.6,正股大跌-3.2% 转债仅-0.5% 抗跌 🔗板块 地下管网/氢能源(均涨+4.3%)
14:38:02,B,放量拉升,111001,山玻转债,204.07,+2.91%,-3.93%,1.49%,0.0,"放量2.6x (均量279手/轮, 峰值723手) 成交额25.21亿 ⚠️强赎"
14:38:16,B,放量拉升,127079,华亚转债,271.25,+1.17%,+0.81%,-0.24%,2.6,"放量5.6x (均量226手/轮, 峰值1274手) 成交额5.05亿 ⚠️强赎"
14:41:23,B,超跌修复,118050,航宇转债,295.51,-3.65%,-0.97%,26.41%,0.2,转债超跌-3.6% vs 正股-1.0% 偏离2.7% 修复空间大
14:42:00,B,超跌修复,127055,精装转债,250.22,-2.26%,+3.67%,19.49%,8.6,转债超跌-2.3% vs 正股+3.7% 偏离5.9% 修复空间大
14:42:00,B,正股大跌转债抗跌,128127,文科转债,114.48,-0.04%,-4.87%,14.78%,3.1,正股大跌-4.9% 转债仅-0.0% 抗跌 🔗板块 绿色电力/PPP概念(均涨+2.9%)
14:42:00,B,股价大涨转债滞涨,123131,奥飞转债,274.20,+0.94%,+3.88%,25.73%,1.0,正股大涨+3.9% 转债仅+0.9% 偏离2.9% 🔗板块 绿色电力/东数西算(算力)(均涨+3.1%)
14:42:00,B,超跌修复,118060,瑞可转债,253.55,-1.68%,+0.84%,36.03%,0.1,转债超跌-1.7% vs 正股+0.8% 偏离2.5% 修复空间大
14:42:28,B,股价大涨转债滞涨,127078,优彩转债,144.27,+0.19%,+3.69%,24.53%,1.3,正股大涨+3.7% 转债仅+0.2% 偏离3.5%
14:42:55,B,正股大跌转债抗跌,110084,贵燃转债,129.53,-0.44%,-3.04%,20.22%,0.6,正股大跌-3.0% 转债仅-0.4% 抗跌 🔗板块 地下管网/氢能源(均涨+4.4%)
14:44:03,B,放量拉升,111001,山玻转债,204.40,+3.07%,-3.59%,1.29%,1.8,"放量5.1x (均量192手/轮, 峰值984手) 成交额25.49亿 ⚠️强赎"
14:46:24,B,超跌修复,118050,航宇转债,295.26,-3.73%,-1.05%,26.41%,0.2,转债超跌-3.7% vs 正股-1.1% 偏离2.7% 修复空间大
14:47:05,B,超跌修复,127055,精装转债,250.00,-2.34%,+3.83%,19.20%,9.7,转债超跌-2.3% vs 正股+3.8% 偏离6.2% 修复空间大
14:47:05,B,正股大跌转债抗跌,128127,文科转债,114.48,-0.04%,-5.11%,15.07%,3.6,正股大跌-5.1% 转债仅-0.0% 抗跌 🔗板块 绿色电力/PPP概念(均涨+2.8%)
14:47:05,B,股价大涨转债滞涨,123131,奥飞转债,274.04,+0.88%,+3.69%,25.88%,0.8,正股大涨+3.7% 转债仅+0.9% 偏离2.8% 🔗板块 绿色电力/东数西算(算力)(均涨+3.0%)
14:47:05,B,超跌修复,118060,瑞可转债,252.14,-2.23%,+0.53%,35.69%,0.3,转债超跌-2.2% vs 正股+0.5% 偏离2.8% 修复空间大
14:47:32,B,股价大涨转债滞涨,127078,优彩转债,144.18,+0.13%,+3.55%,24.63%,1.2,正股大涨+3.5% 转债仅+0.1% 偏离3.4%
14:47:55,B,正股大跌转债抗跌,110084,贵燃转债,129.53,-0.44%,-3.55%,20.85%,1.0,正股大跌-3.5% 转债仅-0.4% 抗跌 🔗板块 地下管网/氢能源(均涨+4.4%)
14:49:04,B,放量拉升,111001,山玻转债,204.82,+3.28%,-3.21%,1.10%,0.1,"放量3.1x (均量339手/轮, 峰值1044手) 成交额25.85亿 ⚠️强赎"
14:51:25,B,超跌修复,118050,航宇转债,295.60,-3.62%,-1.09%,26.60%,0.1,转债超跌-3.6% vs 正股-1.1% 偏离2.5% 修复空间大
14:52:05,B,超跌修复,127055,精装转债,250.45,-2.17%,+3.64%,19.63%,8.1,转债超跌-2.2% vs 正股+3.6% 偏离5.8% 修复空间大
14:52:05,B,正股大跌转债抗跌,128127,文科转债,114.48,-0.04%,-5.11%,15.07%,3.6,正股大跌-5.1% 转债仅-0.0% 抗跌 🔗板块 绿色电力/PPP概念(均涨+2.9%)
14:52:05,B,股价大涨转债滞涨,123131,奥飞转债,274.14,+0.92%,+3.93%,25.64%,1.0,正股大涨+3.9% 转债仅+0.9% 偏离3.0% 🔗板块 绿色电力/东数西算(算力)(均涨+3.1%)
14:52:05,B,超跌修复,118060,瑞可转债,251.33,-2.54%,+0.25%,35.65%,0.3,转债超跌-2.5% vs 正股+0.2% 偏离2.8% 修复空间大
14:52:33,B,股价大涨转债滞涨,127078,优彩转债,144.22,+0.16%,+3.40%,24.84%,1.0,正股大涨+3.4% 转债仅+0.2% 偏离3.2%
14:52:56,B,正股大跌转债抗跌,110084,贵燃转债,129.43,-0.51%,-3.68%,20.92%,1.0,正股大跌-3.7% 转债仅-0.5% 抗跌 🔗板块 地下管网/氢能源(均涨+4.5%)
14:54:04,B,放量拉升,111001,山玻转债,205.98,+3.87%,-2.95%,1.40%,0.1,"放量2.9x (均量324手/轮, 峰值928手) 成交额26.46亿 ⚠️强赎"
14:54:58,B,股价大涨转债滞涨,128142,新乳转债,115.30,+0.96%,+3.66%,29.51%,0.7,正股大涨+3.7% 转债仅+1.0% 偏离2.7% 🔗板块 绿色电力/西部大开发(均涨+2.7%)
14:55:03,B,超跌修复,123241,欧通转债,1283.98,-2.30%,-0.28%,4.35%,0.0,转债超跌-2.3% vs 正股-0.3% 偏离2.0% 修复空间大
14:56:29,B,超跌修复,118050,航宇转债,296.21,-3.42%,-0.75%,26.43%,0.2,转债超跌-3.4% vs 正股-0.8% 偏离2.7% 修复空间大
14:57:10,B,超跌修复,127055,精装转债,250.61,-2.11%,+3.48%,19.89%,7.2,转债超跌-2.1% vs 正股+3.5% 偏离5.6% 修复空间大
14:57:10,B,正股大跌转债抗跌,128127,文科转债,114.37,-0.13%,-5.35%,15.25%,3.8,正股大跌-5.3% 转债仅-0.1% 抗跌 🔗板块 绿色电力/PPP概念(均涨+2.9%)
14:57:10,B,超跌修复,118060,瑞可转债,250.84,-2.73%,+0.71%,34.76%,1.1,转债超跌-2.7% vs 正股+0.7% 偏离3.4% 修复空间大
14:57:10,B,股价大涨转债滞涨,123131,奥飞转债,273.73,+0.77%,+4.02%,25.34%,1.2,正股大涨+4.0% 转债仅+0.8% 偏离3.2% 🔗板块 绿色电力/东数西算(算力)(均涨+3.2%)
14:57:37,B,股价大涨转债滞涨,127078,优彩转债,144.18,+0.13%,+3.40%,24.80%,1.1,正股大涨+3.4% 转债仅+0.1% 偏离3.3%
14:58:00,B,正股大跌转债抗跌,110084,贵燃转债,129.47,-0.48%,-3.42%,20.63%,0.8,正股大跌-3.4% 转债仅-0.5% 抗跌 🔗板块 地下管网/氢能源(均涨+4.8%)
14:58:19,B,放量拉升,118018,瑞科转债,296.07,+1.80%,+1.19%,-0.09%,0.5,"放量3.8x (均量133手/轮, 峰值512手) 成交额8.46亿 ⚠️强赎"
14:59:04,B,放量拉升,111001,山玻转债,206.08,+3.92%,-2.48%,0.96%,0.4,"放量3.7x (均量212手/轮, 峰值784手) 成交额26.84亿 ⚠️强赎"
14:59:58,B,股价大涨转债滞涨,128142,新乳转债,115.25,+0.92%,+3.73%,29.37%,0.8,正股大涨+3.7% 转债仅+0.9% 偏离2.8% 🔗板块 绿色电力/西部大开发(均涨+2.8%)
